Name,Owned Element
commits_49,"




"
commits_15,"




"
commits_117,"




"
commits_87,"




"
commits_21,"




"
commits_2,"




"
commits_96,"




"
commits_37,"




"
commits_93,"




"
commits_130,"




"
commits_81,"




"
commits_59,"




"
commits_105,"




"
commits_5,"




"
commits_79,"




"
commits_22,"




"
commits_126,"




"
commits_63,"




"
commits_19,"




"
commits_120,"




"
commits_30,"




"
commits_16,"




"
commits_124,"




"
commits_51,"




"
commits_114,"




"
commits_10,"




"
commits_29,"




"
commits_33,"




"
commits_45,"




"
commits_31,"




"
commits_94,"




"
commits_127,"




"
commits_91,"




"
commits_103,"




"
commits_116,"




"
commits_58,"




"
commits_14,"




"
commits_102,"




"
commits_61,"




"
commits_27,"




"
commits_53,"




"
commits_77,"




"
commits_42,"




"
commits_131,"




"
commits_78,"




"
commits_50,"




"
commits_41,"




"
commits_48,"




"
commits_38,"




"
commits_69,"




"
commits_106,"




"
commits_1,"




"
commits_3,"




"
commits_4,"




"
commits_46,"




"
commits_89,"




"
commits_110,"




"
commits_12,"




"
commits_108,"




"
commits_85,"




"
commits_128,"




"
commits_123,"




"
commits_82,"




"
commits_133,"




"
commits_11,"




"
commits_8,"




"
commits_54,"




"
commits_32,"




"
commits_92,"




"
commits_121,"




"
commits_39,"




"
commits_56,"




"
commits_86,"




"
commits_55,"




"
commits_70,"




"
commits_84,"




"
commits_83,"




"
commits_119,"




"
commits_25,"




"
commits_112,"




"
commits_34,"




"
commits_23,"




"
commits_72,"




"
commits_109,"




"
commits_66,"




"
commits_9,"




"
commits_104,"




"
commits_113,"




"
commits_28,"




"
commits_107,"




"
commits_64,"




"
commits_18,"




"
commits_111,"




"
commits_68,"




"
commits_20,"




"
commits_47,"




"
commits_132,"




"
commits_90,"




"
commits_118,"




"
commits_101,"




"
commits_76,"




"
commits_35,"




"
commits_60,"




"
commits_71,"




"
commits_17,"




"
commits_67,"




"
commits_40,"




"
commits_73,"




"
commits_95,"




"
commits_99,"




"
commits_74,"




"
commits_57,"




"
commits_6,"




"
commits_98,"




"
commits_13,"




"
commits_97,"




"
commits_36,"




"
commits_88,"




"
commits_44,"




"
commits_100,"




"
commits_52,"




"
commits_115,"




"
commits_129,"




"
commits_24,"




"
commits_43,"




"
commits_80,"




"
commits_75,"




"
commits_125,"




"
commits_26,"




"
commits_7,"




"
commits_65,"




"
commits_62,"




"
commits_122,"




"
commits_134,"




"
commits_135,"




"
commits_136,"




"
commits_137,"




"
commits_138,"




"
commits_139,"




"
commits_140,"




"
commits_141,"




"
commits_142,"




"
commits_144,"




"
commits_143,"




"
commits_145,"




"
commits_148,"




"
commits_147,"




"
commits_146,"




"
commits_149,"




"
commits_150,"




"
commits_151,"




"
commits_152,"




"
commits_153,"




"
commits_154,"




"
commits_155,"




"
commits_156,"




"
commits_159,"




"
commits_158,"




"
commits_157,"




"
commits_160,"




"
commits_163,"




"
commits_162,"




"
commits_161,"




"
commits_164,"




"
commits_165,"




"
commits_166,"




"
commits_167,"




"
commits_168,"




"
commits_169,"




"
commits_233,"




"
commits_224,"




"
commits_241,"




"
commits_219,"




"
commits_238,"




"
commits_221,"




"
commits_218,"




"
commits_239,"




"
commits_234,"




"
commits_226,"




"
commits_220,"




"
commits_225,"




"
commits_237,"




"
commits_222,"




"
commits_228,"




"
commits_236,"




"
commits_229,"




"
commits_230,"




"
commits_231,"




"
commits_223,"




"
commits_235,"




"
commits_232,"




"
commits_227,"




"
commits_217,"




"
commits_240,"




"
commits_242,"




"
commits_257,"




"
commits_254,"




"
commits_248,"




"
commits_255,"




"
commits_251,"




"
commits_243,"




"
commits_256,"




"
commits_249,"




"
commits_258,"




"
commits_246,"




"
commits_244,"




"
commits_252,"




"
commits_250,"




"
commits_247,"




"
commits_245,"




"
commits_253,"




"
commits_390,"




"
commits_383,"




"
commits_358,"




"
commits_398,"




"
commits_409,"




"
commits_311,"




"
commits_401,"




"
commits_312,"




"
commits_356,"




"
commits_380,"




"
commits_326,"




"
commits_395,"




"
commits_416,"




"
commits_274,"




"
commits_399,"




"
commits_337,"




"
commits_369,"




"
commits_382,"




"
commits_303,"




"
commits_424,"




"
commits_314,"




"
commits_425,"




"
commits_325,"




"
commits_270,"




"
commits_379,"




"
commits_373,"




"
commits_405,"




"
commits_374,"




"
commits_333,"




"
commits_388,"




"
commits_377,"




"
commits_320,"




"
commits_286,"




"
commits_375,"




"
commits_339,"




"
commits_414,"




"
commits_324,"




"
commits_276,"




"
commits_265,"




"
commits_434,"




"
commits_411,"




"
commits_432,"




"
commits_392,"




"
commits_273,"




"
commits_349,"




"
commits_419,"




"
commits_423,"




"
commits_384,"




"
commits_426,"




"
commits_298,"




"
commits_431,"




"
commits_343,"




"
commits_317,"




"
commits_296,"




"
commits_284,"




"
commits_346,"




"
commits_413,"




"
commits_301,"




"
commits_329,"




"
commits_304,"




"
commits_438,"




"
commits_436,"




"
commits_275,"




"
commits_367,"




"
commits_308,"




"
commits_345,"




"
commits_321,"




"
commits_294,"




"
commits_351,"




"
commits_293,"




"
commits_372,"




"
commits_261,"




"
commits_316,"




"
commits_365,"




"
commits_340,"




"
commits_280,"




"
commits_295,"




"
commits_406,"




"
commits_357,"




"
commits_262,"




"
commits_264,"




"
commits_331,"




"
commits_418,"




"
commits_347,"




"
commits_410,"




"
commits_422,"




"
commits_323,"




"
commits_359,"




"
commits_362,"




"
commits_277,"




"
commits_322,"




"
commits_279,"




"
commits_352,"




"
commits_319,"




"
commits_417,"




"
commits_408,"




"
commits_307,"




"
commits_378,"




"
commits_361,"




"
commits_266,"




"
commits_328,"




"
commits_429,"




"
commits_272,"




"
commits_360,"




"
commits_335,"




"
commits_306,"




"
commits_300,"




"
commits_336,"




"
commits_278,"




"
commits_344,"




"
commits_353,"




"
commits_435,"




"
commits_288,"




"
commits_285,"




"
commits_371,"




"
commits_341,"




"
commits_302,"




"
commits_366,"




"
commits_396,"




"
commits_427,"




"
commits_334,"




"
commits_315,"




"
commits_421,"




"
commits_370,"




"
commits_309,"




"
commits_282,"




"
commits_291,"




"
commits_355,"




"
commits_420,"




"
commits_313,"




"
commits_402,"




"
commits_267,"




"
commits_283,"




"
commits_386,"




"
commits_437,"




"
commits_387,"




"
commits_327,"




"
commits_281,"




"
commits_364,"




"
commits_338,"




"
commits_433,"




"
commits_394,"




"
commits_318,"




"
commits_332,"




"
commits_389,"




"
commits_289,"




"
commits_415,"




"
commits_391,"




"
commits_268,"




"
commits_260,"




"
commits_342,"




"
commits_292,"




"
commits_412,"




"
commits_403,"




"
commits_428,"




"
commits_330,"




"
commits_354,"




"
commits_259,"




"
commits_430,"




"
commits_363,"




"
commits_297,"




"
commits_404,"




"
commits_310,"




"
commits_263,"




"
commits_381,"




"
commits_348,"




"
commits_393,"




"
commits_271,"




"
commits_287,"




"
commits_305,"




"
commits_299,"




"
commits_350,"




"
commits_397,"




"
commits_407,"




"
commits_368,"




"
commits_376,"




"
commits_290,"




"
commits_269,"




"
commits_385,"




"
commits_400,"




"
commits_179,"




"
commits_180,"




"
commits_178,"




"
commits_177,"




"
commits_182,"




"
commits_181,"




"
commits_172,"




"
commits_176,"




"
commits_173,"




"
commits_171,"




"
commits_170,"




"
commits_175,"




"
commits_174,"




"
commits_439,"




"
commits_441,"




"
commits_440,"




"
commits_442,"




"
commits_443,"




"
commits_444,"




"
commits_446,"




"
commits_445,"




"
commits_447,"




"
commits_184,"




"
commits_190,"




"
commits_189,"




"
commits_187,"




"
commits_183,"




"
commits_185,"




"
commits_186,"




"
commits_188,"




"
commits_191,"




"
commits_193,"




"
commits_192,"




"
commits_209,"




"
commits_205,"




"
commits_211,"




"
commits_208,"




"
commits_204,"




"
commits_207,"




"
commits_206,"




"
commits_210,"




"
commits_203,"




"
commits_200,"




"
commits_196,"




"
commits_202,"




"
commits_199,"




"
commits_195,"




"
commits_198,"




"
commits_197,"




"
commits_201,"




"
commits_194,"




"
commits_214,"




"
commits_215,"




"
commits_212,"




"
commits_213,"




"
commits_216,"




"
